2023-3-17,5908
2023-3-20,5913
2023-3-21,5922
2023-3-22,5923
2023-3-23,5924
2023-3-24,5926
2023-3-26,5932
2023-3-28,5937
2023-3-29,5944
2023-3-31,5946
2023-4-7,5971
2023-4-10,5979
2023-4-11,5984
2023-4-12,5988
2023-4-14,5993
2023-4-18,6004
2023-4-19,6006
2023-4-24,6025
2023-4-25,6029
2023-4-26,6032
2023-4-28,6033
2023-4-29,6038
2023-4-30,6042
2023-5-2,6054
2023-5-5,6069
2023-5-7,6075
2023-5-8,6077
2023-5-10,6092
2023-5-14,6154
2023-5-15,6160
2023-5-17,6175
2023-5-18,6178
2023-5-20,6184
2023-5-21,6195
2023-5-24,6252
2023-5-27,6263
2023-6-1,6296
2023-6-4,6310
2023-6-5,6323
2023-6-13,6398
2023-6-14,6399
2023-6-21,6448
2023-6-22,6450
2023-6-25,6459
2023-6-26,6462
2023-6-27,6465
2023-6-28,6466
2023-6-30,6470
2023-7-3,6476
2023-7-4,6478
2023-7-5,6479
2023-7-6,6480
2023-7-10,6490
2023-7-11,6499
2023-7-13,6502
2023-7-14,6505
2023-7-16,6511
2023-7-17,6517
2023-7-19,6528
2023-7-21,6533
2023-7-24,6547
2023-7-26,6553
2023-7-28,6556
2023-7-29,6557
2023-7-31,6580
2023-8-1,6583
2023-8-4,6594
2023-8-6,6600
2023-8-7,6608
2023-8-8,6613
2023-8-10,6625
2023-8-12,6638
2023-8-14,6644
2023-8-17,6694
2023-8-20,6723
2023-8-23,6749
2023-8-26,6821
2023-8-27,6847
2023-8-28,6860
2023-8-29,6871
2023-8-31,6894
2023-9-1,6926
2023-9-2,6941
2023-9-5,6978
2023-9-6,6983
2023-9-7,6989
2023-9-8,6995
2023-9-9,7000
2023-9-10,7004
2023-9-11,7018
2023-9-13,7035
2023-9-22,7108
2023-9-23,7110
2023-9-24,7127
2023-9-27,7156
2023-9-29,7178
2023-10-1,7192
2023-10-2,7200
2023-10-3,7206
2023-10-4,7222
2023-10-5,7225
2023-10-6,7230
2023-10-7,7233
2023-10-8,7248
2023-10-9,7259
2023-10-10,7271
2023-10-12,7279
2023-10-14,7281
2023-10-15,7313
2023-10-16,7323
2023-10-17,7332
2023-10-20,7350
2023-10-22,7357