2023-9-23,3631
2023-9-25,3632
2023-9-26,3630
2023-9-28,3629
2023-9-29,3630
2023-9-30,3631
2023-10-2,3632
2023-10-6,3633
2023-10-9,3635
2023-10-11,3636
2023-10-12,3638
2023-10-15,3639
2023-10-17,3637
2023-10-26,3638
2023-10-27,3637
2023-11-2,3636
2023-11-7,3637
2023-11-8,3638
2023-11-23,3643
2023-11-28,3644
2023-12-2,3643
2023-12-3,3642
2023-12-5,3643
2023-12-9,3644
2023-12-13,3643
2023-12-19,3645
2023-12-20,3646
2023-12-22,3648
2023-12-24,3647
2023-12-25,3650
2023-12-27,3649
2024-1-1,3652
2024-1-3,3655