2023-3-17,5446
2023-3-20,5447
2023-3-21,5451
2023-3-24,5452
2023-3-26,5453
2023-3-28,5452
2023-3-29,5453
2023-4-10,5454
2023-4-14,5448
2023-4-18,5449
2023-4-24,5448
2023-4-25,5449
2023-4-26,5450
2023-4-30,5447
2023-5-2,5449
2023-5-5,5451
2023-5-10,5453
2023-5-15,5451
2023-5-18,5452
2023-5-20,5453
2023-5-21,5455
2023-5-24,5458
2023-5-27,5460
2023-6-4,5464
2023-6-13,5469
2023-6-14,5470
2023-6-21,5477
2023-6-22,5478
2023-6-25,5483
2023-6-27,5485
2023-6-30,5484
2023-7-3,5486
2023-7-4,5487
2023-7-10,5488
2023-7-14,5489
2023-7-19,5490
2023-7-24,5493
2023-7-26,5494
2023-7-31,5497
2023-8-4,5499
2023-8-10,5502
2023-8-14,5503
2023-8-17,5504
2023-8-20,5507
2023-8-23,5509
2023-8-26,5512
2023-8-28,5516
2023-8-29,5526
2023-8-31,5527
2023-9-1,5528
2023-9-2,5529
2023-9-5,5533
2023-9-7,5534
2023-9-13,5536
2023-9-22,5540
2023-9-27,5543
2023-9-29,5546
2023-10-1,5548
2023-10-3,5549
2023-10-4,5551
2023-10-5,5552
2023-10-6,5553
2023-10-8,5555
2023-10-10,5557
2023-10-13,5559
2023-10-15,5560
2023-10-16,5561
2023-10-17,5562
2023-10-20,5566