2024-8-4,631,41737
2024-8-8,633,41737
2024-8-10,635,41737
2024-8-11,638,41737
2024-8-13,639,41737
2024-8-14,640,41737
2024-8-16,665,41737
2024-8-19,670,41737
2024-8-24,671,41737
2024-8-25,673,41737
2024-8-26,675,41737
2024-8-30,677,41737
2024-9-1,683,41737
2024-9-3,685,41737
2024-9-6,687,41737
2024-9-7,688,41737
2024-9-8,691,41737
2024-9-9,692,41737
2024-9-10,693,41737
2024-9-13,696,41737
2024-9-17,697,41737
2024-9-18,704,41737
2024-9-23,705,41737
2024-9-29,706,41737
2024-9-30,716,41737
2024-10-2,718,41737
2024-10-3,720,41737
2024-10-4,721,41737
2024-10-7,722,41737
2024-10-8,727,41737
2024-10-10,728,41737
2024-10-12,731,41737
2024-10-16,766,41737
2024-10-20,767,41737
2024-10-21,768,41737
2024-10-26,773,41737
2024-10-29,784,41737
2024-10-30,787,41737
2024-10-31,789,41737
2024-11-2,792,41737
2024-11-10,793,41737
2024-11-11,794,41737
2024-11-12,795,41737
2024-11-13,822,41737
2024-11-18,823,41737
2024-11-20,824,41737
2024-11-21,825,41737
2024-11-26,828,41737
2024-12-1,830,41737
2024-12-2,832,41737
2024-12-7,833,41737
2024-12-12,834,41737
2024-12-13,835,41737
2024-12-24,838,41737
2024-12-25,839,41737
2024-12-27,840,41737
2025-1-5,852,41737
2025-1-14,854,41737
2025-1-17,855,41737
2025-1-20,858,41737
2025-1-22,860,41737
2025-1-24,863,41737
2025-1-25,859,41737
2025-1-29,861,41737
2025-2-4,862,41737
2025-2-7,863,41737
2025-2-9,864,41737
2025-2-10,865,41737
2025-2-12,870,41737
2025-2-16,871,41737
2025-2-17,873,41737
2025-3-1,874,41737
2025-3-8,875,41737
2025-3-10,876,41737
2025-3-12,879,41737
2025-3-13,880,41737
2025-3-15,881,41737
2025-3-16,882,41737
2025-3-17,886,41737
2025-3-22,888,41737
2025-3-23,889,41737
2025-3-24,894,41737
2025-3-29,893,41737
2025-3-30,894,41737
2025-3-31,897,41737
2025-4-1,899,41737
2025-4-3,900,41737
2025-4-6,901,41737
2025-4-7,904,41737
2025-4-13,905,41737
2025-4-15,906,41737
2025-4-17,907,41737
2025-4-27,906,41737
2025-4-29,910,41737
2025-5-2,911,41737
2025-5-3,914,41737
2025-5-4,915,41737
2025-5-5,916,41737
2025-5-7,921,41737
2025-5-8,923,41737
2025-5-9,925,41737
2025-5-11,926,41737
2025-5-12,927,41737
2025-5-13,929,41737
2025-5-14,930,41737
2025-5-19,931,41737
2025-5-20,932,41737
2025-5-25,933,41737
2025-5-27,934,41737
2025-5-29,935,41737
2025-5-31,936,41737
2025-6-3,939,41737
2025-6-4,940,41737
2025-6-8,942,41737
2025-6-10,943,41737
2025-6-12,945,41737
2025-6-13,946,41737
2025-6-15,947,41737
2025-6-16,948,41737
2025-6-17,950,41737
2025-6-18,951,41737
2025-6-21,952,41737
2025-6-26,954,41737
2025-6-28,961,41737
2025-6-29,962,41737
2025-7-3,963,41737
2025-7-10,966,41737
2025-7-11,968,41737
2025-7-13,971,41737
2025-7-14,973,41737
2025-7-15,974,41737
2025-7-16,975,41737
2025-7-17,976,41737
2025-7-18,979,41737
2025-7-19,981,41737
2025-7-20,983,41737
2025-7-21,984,41737
2025-7-22,985,41737
2025-7-25,987,41737
2025-7-26,988,41737
2025-7-27,989,41737
2025-7-28,1000,41737
2025-8-5,1004,41737
2025-8-14,1005,41737
2025-8-17,1008,41737
2025-8-18,1011,41737
2025-8-19,1012,41737
2025-8-20,1022,41737
2025-8-21,1025,41737
2025-8-22,1026,41737
2025-8-23,1027,41737
2025-8-25,1029,41737
2025-8-26,1035,41737
2025-8-28,1036,41737
2025-9-1,1038,41737
2025-9-5,1040,41737
2025-9-6,1042,41737
2025-9-7,1043,41737
2025-9-8,1045,41737
2025-9-9,1046,41737
2025-9-11,1047,41737
2025-9-12,1048,41737
2025-9-13,1050,41737
2025-9-15,1053,41737
2025-9-24,1054,41737
2025-9-26,1055,41737
2025-9-27,1057,41737
2025-9-28,1059,41737
2025-9-29,1062,41737
2025-9-30,1066,41737
2025-10-1,1067,41737
2025-10-2,1068,41737
2025-10-3,1069,41737
2025-10-5,1081,41737
2025-10-6,1086,41737
2025-10-7,1090,41737
2025-10-9,1091,41737
2025-10-12,1094,41737
2025-10-14,1102,41737
2025-10-17,1105,41737
2025-10-18,1106,41737
2025-10-19,1109,41737
2025-10-20,1111,41737
2025-10-22,1114,41737
2025-10-23,1111,41737
2025-10-25,1112,41737
2025-10-27,1113,41737
2025-10-29,1114,41737
2025-10-31,1117,41737
2025-11-1,1118,41737
2025-11-2,1119,41737
2025-11-5,1120,41737
2025-11-8,1121,41737
2025-11-9,1122,41737
2025-11-12,1124,41737
2025-11-13,1125,41737
2025-11-14,1126,41737
2025-11-20,1130,41737
2025-11-22,1131,41737
2025-11-25,1132,41737
2025-11-26,1134,41737
2025-11-27,1135,41737
2025-12-2,1136,41737
2025-12-7,1137,41737
2025-12-9,1139,41737
2025-12-11,1137,41737
2025-12-13,1135,41737
2025-12-14,1136,41737
2025-12-18,1138,41737
2025-12-21,1139,41737
2025-12-24,1142,41737
2025-12-28,1157,41737
2025-12-30,1161,41737
2026-1-1,1162,41737
2026-1-4,1167,41737
2026-1-5,1170,41737
2026-1-10,1177,41737
2026-1-17,1183,41737
2026-1-23,1187,41737
2026-1-25,1189,41737
2026-1-26,1192,41737
2026-1-27,1201,41737
2026-1-28,1210,41737
2026-1-31,1217,41737
2026-4-12,1402,41737
2026-4-26,1432,41737
2026-4-28,1434,41737
2026-4-30,1435,41737
2026-5-1,1438,41737
2026-5-2,1454,41737
2026-5-4,1456,41737
2026-5-5,1457,41737
2026-5-6,1458,41737
2026-5-8,1461,41737
2026-5-11,1466,41737
2026-5-14,1474,41737
2026-5-17,1486,41737
2026-5-18,1487,41737
2026-5-19,1488,41737
2026-5-20,1490,41737
2026-5-21,1492,41737
2026-5-24,1497,41737
2026-5-25,1499,41737
2026-5-29,1505,41768
2026-6-7,1525,41948
2026-6-15,1529,42074
2026-6-18,1533,42098
2026-6-19,1536,42109
2026-6-20,1538,42120
2026-6-21,1540,42124
2026-6-23,1543,42158
2026-6-25,1547,42163
2026-6-26,1547,42171
2026-6-28,1549,42179
2026-6-30,1550,42228
2026-7-1,1551,42231
2026-7-2,1552,42252
2026-7-3,1555,42259
2026-7-4,1557,42298
2026-7-5,1557,42308
2026-7-8,1564,42349
2026-7-10,1586,42409
2026-7-13,1595,42444
2026-7-14,1604,42495
2026-7-15,1608,42555
2026-7-16,1660,42583
2026-7-17,1660,42590
2026-7-18,1660,42642
2026-7-20,1663,42661