2023-2-12,580
2023-2-15,582
2023-2-22,583
2023-2-23,584
2023-3-5,585
2023-3-7,584
2023-3-11,585
2023-3-23,588
2023-3-24,585
2023-3-25,587
2023-3-28,586
2023-4-21,587
2023-4-24,588
2023-5-1,589
2023-5-8,590
2023-5-12,591
2023-5-16,592
2023-5-17,593
2023-5-23,594
2023-5-27,596
2023-6-1,595
2023-6-19,597
2023-6-27,599
2023-6-30,600
2023-7-4,602
2023-7-18,603
2023-8-2,604
2023-8-11,605
2023-8-15,604
2023-8-18,605
2023-8-21,606
2023-8-25,608
2023-8-29,609
2023-9-25,607
2023-9-27,608
2023-10-11,609
2023-10-15,610